-- MySQL dump 10.13  Distrib 8.0.16, for macos10.14 (x86_64)
--
-- Host: localhost    Database: blog
-- ------------------------------------------------------
-- Server version	5.7.24

/*!40101 SET @OLD_CHARACTER_SET_CLIENT=@@CHARACTER_SET_CLIENT */;
/*!40101 SET @OLD_CHARACTER_SET_RESULTS=@@CHARACTER_SET_RESULTS */;
/*!40101 SET @OLD_COLLATION_CONNECTION=@@COLLATION_CONNECTION */;
 SET NAMES utf8 ;
/*!40103 SET @OLD_TIME_ZONE=@@TIME_ZONE */;
/*!40103 SET TIME_ZONE='+00:00' */;
/*!40014 SET @OLD_UNIQUE_CHECKS=@@UNIQUE_CHECKS, UNIQUE_CHECKS=0 */;
/*!40014 SET @OLD_FOREIGN_KEY_CHECKS=@@FOREIGN_KEY_CHECKS, FOREIGN_KEY_CHECKS=0 */;
/*!40101 SET @OLD_SQL_MODE=@@SQL_MODE, SQL_MODE='NO_AUTO_VALUE_ON_ZERO' */;
/*!40111 SET @OLD_SQL_NOTES=@@SQL_NOTES, SQL_NOTES=0 */;

--
-- Table structure for table `article`
--

DROP TABLE IF EXISTS `article`;
/*!40101 SET @saved_cs_client     = @@character_set_client */;
 SET character_set_client = utf8mb4 ;
CREATE TABLE `article` (
  `id` int(11) NOT NULL AUTO_INCREMENT,
  `title` varchar(255) COLLATE utf8mb4_unicode_ci NOT NULL,
  `content` longtext COLLATE utf8mb4_unicode_ci NOT NULL,
  `image` varchar(255) COLLATE utf8mb4_unicode_ci NOT NULL,
  `created_at` datetime NOT NULL,
  `category_id` int(11) DEFAULT NULL,
  PRIMARY KEY (`id`),
  KEY `IDX_23A0E6612469DE2` (`category_id`),
  CONSTRAINT `FK_23A0E6612469DE2` FOREIGN KEY (`category_id`) REFERENCES `category` (`id`)
) ENGINE=InnoDB AUTO_INCREMENT=356 DEFAULT CHARSET=utf8mb4 COLLATE=utf8mb4_unicode_ci;
/*!40101 SET character_set_client = @saved_cs_client */;

--
-- Dumping data for table `article`
--

LOCK TABLES `article` WRITE;
/*!40000 ALTER TABLE `article` DISABLE KEYS */;
INSERT INTO `article` VALUES (317,'Perspiciatis harum sint odit.','kkiugyvhjnkojiuhgybhjkoiuhbhjknouhgbj','https://lorempixel.com/640/480/?55811','2018-12-25 06:38:21',25),(318,'Eos iure sed aperiam occaecati et laborum aut quisquam.','<p>Vel ea aut quibusdam provident eum fuga vitae. Atque dignissimos est soluta sequi non. Quis eius quo facilis. Delectus et quaerat ratione nam quos.</p>','https://lorempixel.com/640/480/?89790','2019-04-28 06:02:41',25),(319,'In quod totam eum.','<p>In temporibus velit numquam reprehenderit voluptatem neque quos libero. Odit ut quia accusamus fugit. Assumenda nihil quia est sunt rerum hic.</p>','https://lorempixel.com/640/480/?16410','2018-12-31 13:46:12',27),(320,'Dolorem temporibus exercitationem magni rerum et.','<p>Velit dicta repudiandae eum vitae. Unde qui et doloribus ipsum quia mollitia. Qui at accusantium sit recusandae tempore aperiam. Et ipsum beatae placeat et dolorem.</p>','https://lorempixel.com/640/480/?48530','2019-02-12 12:25:48',25),(321,'Ratione nesciunt ipsa adipisci voluptas at vel beatae.','<p>Sunt nam itaque amet. Ut sint impedit at est in.</p>','https://lorempixel.com/640/480/?71378','2019-04-16 18:20:18',25),(322,'Dolorum non suscipit necessitatibus error ut est aut accusamus.','<p>Laboriosam voluptas voluptatem voluptatem dolor pariatur accusantium. Ut neque possimus eum sunt voluptas. Rerum facere quos tempore dolore eum culpa voluptate aperiam.</p>','https://lorempixel.com/640/480/?53974','2019-05-21 02:58:40',25),(323,'Similique nihil debitis perferendis temporibus repudiandae consequuntur.','<p>Iste exercitationem quia aliquam dolorem quos deserunt eligendi. Est veniam qui iste earum qui laudantium explicabo. Optio ducimus in natus exercitationem delectus ipsam mollitia. Quia est placeat velit doloremque aliquam et.</p>','https://lorempixel.com/640/480/?48059','2018-12-13 19:22:25',25),(324,'Dolorem fugit accusantium placeat quisquam impedit.','<p>Perferendis in consectetur sit quam sit dignissimos. Aliquam ut in vitae. Cupiditate vero odio rem ducimus atque aut. Rerum magni totam rerum iure.</p>','https://lorempixel.com/640/480/?43684','2019-04-30 14:51:53',26),(325,'Cupiditate repudiandae tenetur cum praesentium.','<p>Qui velit nesciunt qui qui aspernatur aut in. Error enim dolores ut laboriosam. Consequatur omnis tempore explicabo quia illum id.</p>','https://lorempixel.com/640/480/?15140','2019-01-27 18:45:16',26),(326,'Aspernatur sapiente neque non autem et eum.','<p>Enim iusto est consequatur consequatur. Temporibus aspernatur sit omnis nisi et non. Doloremque molestiae non maxime dolor est dolorem. Autem cum minus voluptatibus voluptatum.</p>','https://lorempixel.com/640/480/?15380','2019-01-30 05:50:09',26),(327,'Voluptatibus reiciendis repellendus possimus alias quos aliquid.','<p>Quas eligendi tempora debitis qui nihil reiciendis assumenda. Aliquid eaque dolor voluptate voluptates accusamus tenetur doloribus. Dolorum hic libero consequatur consequuntur.</p>','https://lorempixel.com/640/480/?32540','2019-03-23 03:02:32',26),(328,'Eum non est modi delectus adipisci voluptate libero debitis.','<p>Sit velit est nisi. Sed ea rerum beatae quisquam. Qui officiis architecto error. Architecto non aut voluptas quae modi.</p>','https://lorempixel.com/640/480/?94835','2019-02-11 13:25:54',26),(329,'Dolorum magni quo id qui ipsam.','<p>Quia deserunt corrupti soluta omnis. Voluptas rerum laboriosam hic ut accusantium. Voluptate qui ad similique nisi vel. Fuga dolore doloremque autem unde qui quia.</p>','https://lorempixel.com/640/480/?16167','2019-04-27 04:51:27',26),(330,'Neque nihil voluptas libero.','<p>Ut qui voluptates laborum occaecati perferendis sed asperiores a. Veniam aut sit quod ut eum consequatur alias quo.</p>','https://lorempixel.com/640/480/?95328','2019-02-07 23:54:19',26),(331,'In et porro et magni facilis debitis.','<p>Eum optio ea itaque laudantium et incidunt. Praesentium impedit deserunt nesciunt et et odio in. Quisquam est reprehenderit eligendi rerum architecto non.</p>','https://lorempixel.com/640/480/?84977','2019-02-20 01:13:32',26),(332,'Quibusdam commodi est et nemo eos sit natus.','<p>Et provident soluta cupiditate vitae vitae. In suscipit reprehenderit esse ut nostrum dolore sit.</p>','https://lorempixel.com/640/480/?48945','2019-05-25 04:14:53',26),(333,'Ut ex alias delectus temporibus omnis facere et eaque.','<p>In mollitia aut atque iste neque quos ipsum. Magni quisquam totam reiciendis ut sit.</p>','https://lorempixel.com/640/480/?55401','2019-05-01 11:49:20',27),(334,'Nihil aut incidunt aut quis sunt adipisci.','<p>Id eaque ad laudantium omnis est. Necessitatibus et architecto adipisci non. Dolor voluptatum suscipit vel quis quaerat nostrum animi corporis. Tempora ex sequi accusantium voluptas quia tempora voluptatibus.</p>','https://lorempixel.com/640/480/?95660','2019-04-14 06:07:24',27),(335,'Porro laborum ipsa dolores et voluptate velit aut.','<p>Qui odio repudiandae molestias non deserunt laborum. Nostrum asperiores accusamus ullam deserunt. Sunt cupiditate quas deserunt ullam molestias. Molestias corrupti sequi impedit ut dolor.</p>','https://lorempixel.com/640/480/?80636','2019-05-27 22:12:41',27),(336,'Et architecto voluptate et id enim et.','<p>Soluta et repellendus qui sed ipsam. Itaque aut expedita necessitatibus deleniti nostrum nostrum incidunt. Et dolor at neque eveniet repudiandae quaerat.</p>','https://lorempixel.com/640/480/?36280','2019-05-19 07:44:10',27),(337,'Mollitia voluptatem excepturi commodi doloremque illo.','<p>Cum minus est quia rem consequuntur. Voluptatum soluta quis nobis ipsum voluptas et. Deleniti molestiae quos omnis quae atque repellat aut. Nisi et sed harum cum maiores. Praesentium consequatur et voluptas est occaecati sunt ratione.</p>','https://lorempixel.com/640/480/?97452','2019-04-25 07:18:32',27),(338,'Eveniet quo sapiente qui fuga ipsa.','<p>Numquam consequatur et tempore placeat. Quia nemo illum est qui. Et soluta totam ducimus quia voluptas incidunt exercitationem.</p>','https://lorempixel.com/640/480/?49599','2019-01-09 20:43:00',27),(339,'Dolorem eligendi nobis iusto asperiores voluptas porro.','<p>Dolores magni nostrum laborum totam perferendis asperiores. Dolores sed mollitia doloremque ex eveniet mollitia repudiandae. Placeat quam qui eligendi. Nobis consequuntur repellat voluptatem sunt veniam dolor.</p>','https://lorempixel.com/640/480/?86060','2018-12-04 08:46:27',27),(340,'Ducimus atque sequi placeat.','<p>Impedit ut mollitia architecto placeat illo suscipit occaecati. Unde aut voluptatum voluptas rerum omnis veritatis sunt.</p>','https://lorempixel.com/640/480/?25369','2018-12-26 09:17:30',27),(341,'Titre de l\'article n°1','<p>Contenu de l\'article n°1</p>','http://placehold.it/350x150','2019-05-30 18:43:39',NULL),(342,'Titre de l\'article n°2','<p>Contenu de l\'article n°2</p>','http://placehold.it/350x150','2019-05-30 18:43:39',NULL),(343,'Titre de l\'article n°3','<p>Contenu de l\'article n°3</p>','http://placehold.it/350x150','2019-05-30 18:43:39',NULL),(344,'Titre de l\'article n°4','<p>Contenu de l\'article n°4</p>','http://placehold.it/350x150','2019-05-30 18:43:39',NULL),(345,'Titre de l\'article n°5','<p>Contenu de l\'article n°5</p>','http://placehold.it/350x150','2019-05-30 18:43:39',NULL),(346,'Titre de l\'article n°6','<p>Contenu de l\'article n°6</p>','http://placehold.it/350x150','2019-05-30 18:43:39',NULL),(347,'Titre de l\'article n°7','<p>Contenu de l\'article n°7</p>','http://placehold.it/350x150','2019-05-30 18:43:39',NULL),(348,'Titre de l\'article n°8','<p>Contenu de l\'article n°8</p>','http://placehold.it/350x150','2019-05-30 18:43:39',NULL),(349,'Titre de l\'article n°9','<p>Contenu de l\'article n°9</p>','http://placehold.it/350x150','2019-05-30 18:43:39',NULL),(350,'Le test qui est bon','ceofjkehkkjehughjkhgvjkhugyuvjhbknhoghvjbknhgvjhbkhv','https://placehold.it/50x50','2019-05-30 19:21:16',26),(351,'tirte du nouvel article','ouihgbjiouighjouighvbjoiuiughvjbkoiuiyghjouiygyfhjkoiuiygfhvjouiygfhgjouiygfhvjiuugh','https://placehold.it/50x50','2019-05-30 21:00:34',27),(352,'test','je nekhqskjqhskjqhskjqhskjqhskjqhsqjsjqklhbqnslhnslqkjlmjqklhns','https://placehold.it/50x50','2019-05-30 21:01:53',25),(353,'test','je nekhqskjqhskjqhskjqhskjqhskjqhsqjsjqklhbqnslhnslqkjlmjqklhns','https://placehold.it/50x50','2019-05-30 21:03:21',25),(354,'test','je nekhqskjqhskjqhskjqhskjqhskjqhsqjsjqklhbqnslhnslqkjlmjqklhns','https://placehold.it/50x50','2019-05-30 21:03:30',25),(355,'VOIR SI CA AJOUTE UN COMMENT','VOIR SI CA AJOUTE UN COMMENTHJLNKAOPZIUOYIGHKAJHLZOPUIOYGAKJHLJIPOUZYOUGFHJKAHLIJPZHOUGAIHKJBLZAMOIPH','\"https://lamodeestchiant.netlify.com/mec.992a6db1.png\"','2019-05-30 21:30:00',25);
/*!40000 ALTER TABLE `article` ENABLE KEYS */;
UNLOCK TABLES;

--
-- Table structure for table `category`
--

DROP TABLE IF EXISTS `category`;
/*!40101 SET @saved_cs_client     = @@character_set_client */;
 SET character_set_client = utf8mb4 ;
CREATE TABLE `category` (
  `id` int(11) NOT NULL AUTO_INCREMENT,
  `title` varchar(255) COLLATE utf8mb4_unicode_ci NOT NULL,
  `description` longtext COLLATE utf8mb4_unicode_ci,
  PRIMARY KEY (`id`)
) ENGINE=InnoDB AUTO_INCREMENT=28 DEFAULT CHARSET=utf8mb4 COLLATE=utf8mb4_unicode_ci;
/*!40101 SET character_set_client = @saved_cs_client */;

--
-- Dumping data for table `category`
--

LOCK TABLES `category` WRITE;
/*!40000 ALTER TABLE `category` DISABLE KEYS */;
INSERT INTO `category` VALUES (25,'Cum officiis tempora earum quae ut.','Quasi et earum at non. Perspiciatis quibusdam aut delectus mollitia est. Voluptate consequuntur facere eos consectetur dolore. Et eius magni blanditiis qui sunt.'),(26,'Illo quae ullam id unde laborum.','Numquam nemo ut esse. Iste sed dolore mollitia accusantium. Eos ratione in aut sapiente facilis asperiores autem. Tenetur provident molestiae odio omnis aut. Nam rerum rerum facilis optio voluptas.'),(27,'Qui sed consequatur eligendi.','Qui rerum rem voluptatem hic enim asperiores. Quod nostrum esse atque et. Aut harum cum dolor eos vitae eum. Distinctio deserunt aliquid eius rerum.');
/*!40000 ALTER TABLE `category` ENABLE KEYS */;
UNLOCK TABLES;

--
-- Table structure for table `comment`
--

DROP TABLE IF EXISTS `comment`;
/*!40101 SET @saved_cs_client     = @@character_set_client */;
 SET character_set_client = utf8mb4 ;
CREATE TABLE `comment` (
  `id` int(11) NOT NULL AUTO_INCREMENT,
  `article_id` int(11) NOT NULL,
  `author` varchar(255) COLLATE utf8mb4_unicode_ci NOT NULL,
  `content` varchar(255) COLLATE utf8mb4_unicode_ci NOT NULL,
  `creater_at` datetime DEFAULT NULL,
  PRIMARY KEY (`id`),
  KEY `IDX_9474526C7294869C` (`article_id`),
  CONSTRAINT `FK_9474526C7294869C` FOREIGN KEY (`article_id`) REFERENCES `article` (`id`)
) ENGINE=InnoDB AUTO_INCREMENT=139 DEFAULT CHARSET=utf8mb4 COLLATE=utf8mb4_unicode_ci;
/*!40101 SET character_set_client = @saved_cs_client */;

--
-- Dumping data for table `comment`
--

LOCK TABLES `comment` WRITE;
/*!40000 ALTER TABLE `comment` DISABLE KEYS */;
INSERT INTO `comment` VALUES (1,317,'Adrien Hoareau','<p>Beatae aut molestiae ea. Eos quibusdam et id repudiandae ratione blanditiis ex. Saepe modi doloribus qui a ipsam.</p>','2019-02-15 15:36:31'),(2,317,'Bertrand Marchal','<p>Libero sed ducimus dolores dolor velit impedit. Dolor repellendus et ratione sit dicta distinctio enim nobis. Beatae similique porro id aut aut. Aut debitis eius quo rem et facere blanditiis laudantium.</p>','2019-01-20 01:23:15'),(3,317,'Victoire de Francois','<p>Quas cumque et asperiores nihil ut tempora. Reprehenderit quaerat illo a temporibus ipsam voluptatibus suscipit. Sint molestias nesciunt aspernatur libero eos eum omnis.</p>','2019-02-03 14:35:19'),(4,317,'Victor Teixeira','<p>Sit autem ut sequi et inventore et. Totam magnam aut fuga saepe cum est. Est fugiat sunt eius voluptate ipsum.</p>','2019-03-28 14:21:38'),(5,317,'Audrey Barbe','<p>Vel ea aut quibusdam provident eum fuga vitae. Atque dignissimos est soluta sequi non. Quis eius quo facilis. Delectus et quaerat ratione nam quos.</p>','2019-01-05 16:24:35'),(6,318,'Océane Torres-Lacombe','<p>Quos sed voluptatum dolorem corrupti laboriosam reiciendis. Et quia facere error officiis quo labore. Esse sit ullam molestiae consectetur nobis voluptas quaerat aliquid. Fuga error quidem eligendi et est. Reiciendis ut animi esse voluptatem.</p>','2019-05-21 05:01:19'),(7,318,'Pénélope Gerard','<p>Autem eveniet qui rerum sapiente ex ea repellat. Labore voluptas eligendi eaque voluptatem. Natus sunt fugiat odit voluptatem.</p>','2019-05-21 13:23:15'),(8,318,'Benoît de la Perez','<p>Voluptatibus doloremque architecto distinctio ex. Quam perferendis quia molestiae deleniti. Nam expedita vitae voluptate.</p>','2019-05-25 14:51:35'),(9,318,'Andrée Petit','<p>In temporibus velit numquam reprehenderit voluptatem neque quos libero. Odit ut quia accusamus fugit. Assumenda nihil quia est sunt rerum hic.</p>','2019-05-18 09:15:34'),(10,319,'Luce Le Sanchez','<p>Maiores quia soluta similique amet cupiditate est. Nihil recusandae non earum id suscipit enim non. Inventore sint est aut et eum officia cupiditate. Omnis aut expedita similique veniam.</p>','2019-01-03 12:40:14'),(11,319,'Roland Barre-Dupuis','<p>Sunt quis odio eligendi quia. Temporibus tempora suscipit quaerat quo ducimus delectus voluptatem. Quis ipsam sapiente quidem minus. Fugiat neque rerum qui illum.</p>','2019-04-03 23:26:45'),(12,319,'Xavier Fleury','<p>Magnam et omnis velit illum eos perspiciatis provident eveniet. Magni architecto numquam molestiae assumenda. Velit totam officiis fuga.</p>','2019-05-04 06:33:03'),(13,319,'Stéphane du Ollivier','<p>Beatae accusantium nobis magni culpa. Voluptas soluta consequatur rem et et est. Aut illum ipsum ut qui voluptatem. Qui temporibus aut eum consequatur sunt eos. Voluptas occaecati velit voluptas id sequi totam omnis.</p>','2019-05-09 07:56:03'),(14,319,'Victoire-Capucine Giraud','<p>Non et est cupiditate vel voluptatem. Sapiente animi quis dolore et sed in ad. Natus iure qui minima a. Quae voluptatem nihil et sit explicabo voluptatum mollitia. Nihil quidem minus a consequatur eos fugiat quod.</p>','2019-05-14 05:51:38'),(15,319,'Olivier du Rey','<p>Vitae blanditiis necessitatibus qui rem delectus. Vero ut qui esse ad facere qui.</p>','2019-03-23 14:04:47'),(16,319,'Robert Barbe','<p>Velit dicta repudiandae eum vitae. Unde qui et doloribus ipsum quia mollitia. Qui at accusantium sit recusandae tempore aperiam. Et ipsum beatae placeat et dolorem.</p>','2019-04-09 13:36:33'),(17,320,'Benjamin Le Marie','<p>Ad laboriosam beatae et unde consequatur cupiditate. Rerum esse aperiam maiores qui illum. Tempore vel eos et. Dolore dignissimos commodi et inventore repudiandae.</p>','2019-04-03 17:34:38'),(18,320,'Thomas Maillet','<p>Fuga dolorum omnis quibusdam nisi qui et ut. Dignissimos reiciendis aut fugit assumenda earum dicta. Delectus iure sed qui rerum suscipit voluptatem sunt.</p>','2019-03-17 17:37:44'),(19,320,'Margot Hernandez','<p>Aliquid ut rerum in dolorem et. At recusandae et corporis cumque repudiandae.</p>','2019-04-17 19:38:53'),(20,320,'Christophe Breton','<p>Qui cum neque quos facilis animi at sed. Id error esse libero corrupti dolorem velit. Modi voluptatum ab aliquam occaecati tempora omnis.</p>','2019-03-07 20:31:20'),(21,320,'Élisabeth Le Peron','<p>Sunt nam itaque amet. Ut sint impedit at est in.</p>','2019-03-09 05:22:13'),(22,321,'Bernadette Goncalves','<p>Impedit fugit soluta ea ducimus eos qui dolorem atque. Magni quia tempora debitis sed deserunt. Veniam vitae cupiditate vero libero praesentium perferendis et. Tempora excepturi asperiores sint.</p>','2019-04-26 19:23:01'),(23,321,'Alexandrie Reynaud','<p>Tempora quas quis quo adipisci. Esse commodi voluptate earum quia harum soluta est. Libero dolor fugiat iure qui odit. Et id dicta nam ullam.</p>','2019-05-29 17:44:43'),(24,321,'Gilles Adam','<p>Sequi officia velit rerum doloremque. Eligendi natus quam sunt tenetur alias qui voluptas. Quia quia nulla et.</p>','2019-05-01 20:07:02'),(25,321,'Mathilde Etienne-Chretien','<p>Laboriosam voluptas voluptatem voluptatem dolor pariatur accusantium. Ut neque possimus eum sunt voluptas. Rerum facere quos tempore dolore eum culpa voluptate aperiam.</p>','2019-05-10 15:19:55'),(26,322,'Constance Rousset','<p>Quo nihil et sed esse dolorem. Ducimus dolorem veritatis nobis dignissimos odit aliquam pariatur. Quia quo commodi corrupti doloremque. Perspiciatis ut magni quis iste excepturi aut. Quasi perferendis aliquam odit.</p>','2019-05-26 00:16:16'),(27,322,'Timothée Gimenez','<p>Omnis occaecati explicabo eius eos harum. Expedita laboriosam maiores rerum et aliquid in voluptate. Quo velit rerum et natus accusantium molestiae. Nihil cum eum veniam dicta.</p>','2019-05-22 19:32:09'),(28,322,'Élise Poulain','<p>Quibusdam consequatur hic consequatur doloribus. Impedit pariatur sit porro quos. Ut ut quibusdam sit reprehenderit fuga et excepturi.</p>','2019-05-26 07:54:42'),(29,322,'Jérôme Bouvet-Gaillard','<p>Iste exercitationem quia aliquam dolorem quos deserunt eligendi. Est veniam qui iste earum qui laudantium explicabo. Optio ducimus in natus exercitationem delectus ipsam mollitia. Quia est placeat velit doloremque aliquam et.</p>','2019-05-29 14:09:55'),(30,323,'André Mace','<p>Eum ut molestiae exercitationem dolor aut. Repudiandae aut maxime soluta dolorem corporis saepe sit. Vel debitis tempore dolor quia molestiae ipsam natus. Quae autem ipsum minus quo. Et quod modi voluptatem.</p>','2019-04-11 01:09:38'),(31,323,'Jérôme Lebreton','<p>Id rerum voluptatem sed facere. Minima illum illo qui qui et. Corporis autem enim mollitia vel laboriosam ex odit. Consequuntur nihil non architecto quis tenetur.</p>','2019-02-11 23:29:52'),(32,323,'Pauline du Delattre','<p>Enim eveniet deleniti ratione et labore. Est occaecati ullam et et reprehenderit quia. Ducimus quia veritatis quaerat ut. Voluptatem ad dicta accusantium et rerum laborum.</p>','2019-01-29 04:00:00'),(33,323,'Christophe-Michel Chevalier','<p>Consequatur sed sit qui facilis tempora quasi. Sint inventore consequatur minus et. Laudantium cupiditate sunt molestiae dolores nihil aspernatur. Doloremque laborum dolorum corporis quod.</p>','2019-05-23 08:38:54'),(34,324,'Augustin de Briand','<p>Laboriosam porro inventore iure quisquam libero veniam ut. Alias est consequatur aliquam ea distinctio. Voluptatem adipisci delectus placeat maxime et soluta dolores. Quo qui ut atque quia.</p>','2019-05-02 05:05:36'),(35,324,'Gabriel Chartier','<p>Quis sit qui ut impedit. Tempore facilis consectetur a enim et recusandae commodi incidunt. Voluptas enim mollitia odit aliquam iure voluptas dolorem.</p>','2019-05-27 06:43:22'),(36,324,'Manon Pascal','<p>Assumenda molestiae qui aut autem et commodi cum. Sunt sit nihil dolor incidunt totam. Culpa accusamus qui possimus harum. Distinctio sit ipsum odit veniam quibusdam.</p>','2019-05-18 13:41:00'),(37,324,'Philippe-Auguste Mathieu','<p>Omnis qui dolores aut laboriosam. Magni dignissimos quos voluptas vitae dolores rem. Aut quia voluptate veritatis architecto voluptatum totam neque.</p>','2019-05-06 23:33:30'),(38,324,'Constance Le Roux','<p>Harum quis deserunt voluptatem qui explicabo qui voluptatibus. Deleniti ab ut enim aspernatur debitis dolor eligendi. Repudiandae laborum eum voluptates enim.</p>','2019-05-19 04:03:46'),(39,324,'Gilles-Olivier Roy','<p>Ut et fugiat magni. Qui laboriosam soluta ea aliquam ab. Eligendi non similique aut mollitia.</p>','2019-05-27 21:06:19'),(40,324,'Élodie Moreau','<p>Qui velit nesciunt qui qui aspernatur aut in. Error enim dolores ut laboriosam. Consequatur omnis tempore explicabo quia illum id.</p>','2019-05-13 23:58:16'),(41,325,'Alain Denis','<p>Deleniti ea maiores ab in. Voluptas incidunt veniam voluptatum et ex quo consequuntur.</p>','2019-02-28 19:34:56'),(42,325,'Alex-Louise Pierre','<p>Odit quia voluptatem esse. Nulla ut id id sit. Perferendis sed est adipisci sunt ut nostrum voluptatem. Ea in occaecati et maiores. Optio deserunt est sunt odio perferendis rem.</p>','2019-05-19 05:21:55'),(43,325,'Laurence-Hortense Delahaye','<p>Assumenda in sed ratione repellendus. Iure pariatur sequi et sed placeat fugit. Aperiam ut vero minima sunt temporibus qui.</p>','2019-02-17 22:21:23'),(44,325,'Virginie Tessier-Cordier','<p>Ab exercitationem non quis et. Doloremque illo pariatur qui qui doloribus assumenda. Excepturi sunt labore est nulla possimus.</p>','2019-02-16 14:37:31'),(45,325,'Alix Lebon','<p>Enim tempora ea rerum est a sit. Tempore consequuntur debitis nobis culpa sint minima qui explicabo. Sequi recusandae est ea.</p>','2019-03-25 04:23:16'),(46,325,'Raymond Le Bailly','<p>Id saepe quisquam voluptate vitae. Architecto dolor sunt eos quos iste. Dolor repellendus porro ad qui ducimus aperiam non.</p>','2019-03-23 06:41:18'),(47,325,'Thibaut Rousseau','<p>Nobis consequatur occaecati iusto nulla cumque qui neque. Vel velit earum fugiat saepe quia illum nihil. Eum placeat sed sint aut qui. Et eius iure adipisci optio.</p>','2019-05-15 21:32:28'),(48,325,'Marthe Guillet-Bernier','<p>Rerum minima aut accusamus. Et error dolore id ut. Et ratione qui temporibus provident consequatur. Eum quo ut enim tempore.</p>','2019-04-30 12:19:27'),(49,325,'Mathilde-Emmanuelle Rossi','<p>Enim iusto est consequatur consequatur. Temporibus aspernatur sit omnis nisi et non. Doloremque molestiae non maxime dolor est dolorem. Autem cum minus voluptatibus voluptatum.</p>','2019-02-05 18:04:21'),(50,326,'Jérôme De Oliveira','<p>Provident ex fugit quidem nulla natus. Eligendi expedita non veritatis placeat totam tempora optio. Nostrum placeat est quibusdam qui. Assumenda nulla dolorum quia magni eius facere temporibus eos.</p>','2019-04-03 16:30:56'),(51,326,'Sébastien Tanguy','<p>Corrupti sit minima ipsum voluptas. Nemo neque laborum et perferendis itaque voluptas. Et delectus facere iure asperiores asperiores minus molestiae a.</p>','2019-02-09 23:07:45'),(52,326,'Denis Dupre-Lambert','<p>Voluptas non enim iusto ducimus id labore. Atque voluptatem assumenda pariatur asperiores cupiditate repellat quod. Quae saepe voluptates consequuntur eos rerum non quas.</p>','2019-02-17 03:29:26'),(53,326,'Véronique Marchand','<p>Dignissimos ab incidunt perspiciatis blanditiis est et pariatur. Molestiae autem est reprehenderit voluptatem eius voluptatem. Ipsa iusto nostrum autem vero ipsa ab. Qui consequatur voluptates vel exercitationem in non quos.</p>','2019-02-21 09:01:13'),(54,326,'Auguste de Mercier','<p>Ab voluptatem molestias voluptates odio. Non numquam asperiores quasi qui. Et ut magnam fugiat enim repellendus quod.</p>','2019-03-19 12:02:55'),(55,326,'Manon Maillard-Baron','<p>Quas eligendi tempora debitis qui nihil reiciendis assumenda. Aliquid eaque dolor voluptate voluptates accusamus tenetur doloribus. Dolorum hic libero consequatur consequuntur.</p>','2019-02-28 17:29:55'),(56,327,'Thibaut de la Goncalves','<p>Suscipit labore et ut dolorem eum modi accusamus. Velit culpa nemo doloribus similique id veritatis odio ratione. Neque iusto perferendis rerum enim cumque. Provident explicabo quia eos inventore.</p>','2019-05-28 12:22:44'),(57,327,'Constance-Paulette Cousin','<p>Est repellendus consequatur assumenda ut eos. Nihil rerum sed animi sint. Recusandae culpa ratione iure quis ut fugiat sapiente. Et quis dolorum excepturi dolorem possimus.</p>','2019-05-04 18:16:41'),(58,327,'Jean Mathieu','<p>Ut impedit quod iusto praesentium libero dolores. Similique ipsam ea quidem provident. Et sint nihil laudantium quaerat ab placeat tempore.</p>','2019-05-23 06:22:05'),(59,327,'Jules Perrier','<p>Ut iste sunt ratione reiciendis ut. Sunt pariatur vero saepe mollitia quis sapiente sed. Laboriosam aut nemo autem non accusamus enim in vel. Eveniet voluptatem exercitationem blanditiis adipisci sit ea.</p>','2019-05-30 16:50:13'),(60,327,'Gabrielle-Hélène Giraud','<p>Tenetur veritatis non totam eum maiores doloremque consequatur. In odit minima laborum illum voluptatem. Et officia veniam magni quis nemo aliquid.</p>','2019-04-04 23:30:14'),(61,327,'Suzanne Allard','<p>Exercitationem ipsam non beatae recusandae at deleniti accusantium est. Cupiditate dolores velit dolorum excepturi qui amet totam. Soluta illo a qui dolorem ipsum.</p>','2019-05-03 16:34:10'),(62,327,'Gabrielle du Legros','<p>Sit velit est nisi. Sed ea rerum beatae quisquam. Qui officiis architecto error. Architecto non aut voluptas quae modi.</p>','2019-05-02 15:24:11'),(63,328,'Diane Thierry-Labbe','<p>Explicabo magnam vel ea. Et neque quo distinctio explicabo id nisi. Id rem ipsum quo fugit facere quos. Aut rerum quibusdam velit ipsum.</p>','2019-04-09 10:54:17'),(64,328,'Susan de la Morel','<p>Sequi atque harum nesciunt dolorem nobis ex qui vitae. Qui eos velit sit necessitatibus aut accusantium dicta. Facilis iure laboriosam sed dignissimos.</p>','2019-02-19 10:03:15'),(65,328,'Jérôme Julien','<p>Sed ex eos culpa dolor ea. Pariatur aliquam aut dolorum. Asperiores libero temporibus ea est ad voluptate rerum. Voluptatum illo et alias expedita.</p>','2019-03-07 01:01:03'),(66,328,'Caroline Fournier','<p>Quia deserunt corrupti soluta omnis. Voluptas rerum laboriosam hic ut accusantium. Voluptate qui ad similique nisi vel. Fuga dolore doloremque autem unde qui quia.</p>','2019-05-17 20:00:26'),(67,329,'Margaret Laporte','<p>Esse non soluta alias voluptates labore. Eum similique illum perspiciatis temporibus est aliquam. Officiis expedita et veritatis nam et.</p>','2019-05-28 01:13:13'),(68,329,'Philippe Gautier','<p>Veritatis quaerat deserunt tempora odit nihil consectetur voluptatem. Cupiditate sed ea et quam. Maxime alias sit consequuntur voluptatem.</p>','2019-04-27 20:27:33'),(69,329,'Capucine Reynaud','<p>Suscipit temporibus mollitia cum sunt voluptatem voluptatem. Deleniti quasi maiores nihil iusto et provident nostrum.</p>','2019-05-21 13:54:12'),(70,329,'Frédéric Roger','<p>Sit impedit quo similique illo non totam impedit. Aliquid itaque perspiciatis delectus consequatur sunt autem. Cumque veritatis recusandae quia ex quo facere. Eligendi dolores amet omnis et qui consequatur.</p>','2019-05-02 04:09:20'),(71,329,'Charles-Honoré Costa','<p>Vel nostrum ut qui corporis. Sit eius voluptatem occaecati dolore. Perspiciatis dolores quos natus deserunt. Atque nostrum qui sit sint non totam.</p>','2019-05-02 08:46:33'),(72,329,'Édith-Lucie Leveque','<p>Ut qui voluptates laborum occaecati perferendis sed asperiores a. Veniam aut sit quod ut eum consequatur alias quo.</p>','2019-04-29 07:15:33'),(73,330,'Patricia Pichon','<p>Tempora qui et est maxime. Dolores ipsum non voluptas fuga molestias dolore.</p>','2019-03-11 11:43:03'),(74,330,'Gilles de Cousin','<p>Debitis ab odit harum voluptate optio. Culpa consequatur ipsum saepe. Nemo quisquam asperiores nobis rerum ea.</p>','2019-02-10 14:56:24'),(75,330,'Colette Grondin','<p>Vero velit ex quae non. Voluptas autem beatae reiciendis animi molestiae voluptatibus eveniet illum. Vel quia incidunt et animi ipsam at culpa asperiores. Qui provident est autem sit.</p>','2019-05-10 12:34:31'),(76,330,'Virginie Charpentier','<p>Eos provident cumque et quibusdam culpa. Optio culpa amet doloribus tempora occaecati impedit omnis. Nemo perferendis nesciunt et libero est ea nulla. Officia id ex laborum nulla nostrum ea sint.</p>','2019-04-17 13:59:09'),(77,330,'Gabriel Pelletier','<p>Et assumenda modi quia quod. Quae expedita consequuntur vel qui occaecati. Omnis ea qui iure tempore ut perspiciatis. Ut illo sequi laboriosam a illum ipsum laudantium.</p>','2019-04-29 11:15:20'),(78,330,'Auguste Grondin','<p>Eum optio ea itaque laudantium et incidunt. Praesentium impedit deserunt nesciunt et et odio in. Quisquam est reprehenderit eligendi rerum architecto non.</p>','2019-05-23 09:02:06'),(79,331,'Lucie Le Paul','<p>Odit quia atque culpa dignissimos perspiciatis ipsam. Omnis dolores sunt voluptates ut magni. Ratione id distinctio esse repellendus sapiente quaerat. Saepe dolorem minus libero dolorem.</p>','2019-02-26 13:02:17'),(80,331,'Pénélope Martinez-Dupuis','<p>Est modi sit magni ad exercitationem. Et eaque ut exercitationem. Et facilis eos officiis similique libero sit.</p>','2019-02-27 20:32:53'),(81,331,'Michel Lopez','<p>Nihil laboriosam est ut veniam sunt nostrum. Facere ipsa id quia et et aliquid culpa. Omnis velit officiis sit maxime molestias reprehenderit. Qui et ut sint molestiae.</p>','2019-04-21 17:01:16'),(82,331,'Laurent-Raymond Francois','<p>Labore molestias et aperiam cumque. Eos quis possimus est asperiores molestiae. Dolor et illo at veniam saepe.</p>','2019-04-26 00:40:56'),(83,331,'Frédérique Renault','<p>Et provident soluta cupiditate vitae vitae. In suscipit reprehenderit esse ut nostrum dolore sit.</p>','2019-03-28 06:56:49'),(84,332,'François Roussel','<p>Sunt commodi accusantium quidem quas neque. Sit et et est consequuntur reiciendis praesentium doloribus. Reiciendis magnam sit iure omnis consequatur.</p>','2019-05-30 12:42:35'),(85,332,'Anaïs Caron','<p>Voluptas qui omnis veritatis. Itaque voluptas maxime magni nostrum autem. Excepturi harum voluptate quia ipsam nemo. Aut accusantium ex animi ducimus.</p>','2019-05-29 01:38:37'),(86,332,'René du Duval','<p>Eveniet animi nihil quasi facilis vero est consequatur. Praesentium ut minus ut minus rerum praesentium. Recusandae quia odit eius consequuntur mollitia voluptas.</p>','2019-05-30 16:48:38'),(87,332,'Maurice Costa','<p>Error est autem voluptas quo qui maxime expedita. Maxime ut ad ad qui qui qui. Quae est deserunt voluptatem enim nisi.</p>','2019-05-29 09:29:50'),(88,332,'Odette Huet','<p>Quisquam recusandae placeat earum voluptatem at. Excepturi iusto rem vel. Cupiditate quis aut rem velit nemo.</p>','2019-05-25 21:06:39'),(89,332,'Emmanuel Mace-Merle','<p>Enim quidem deserunt sint. Qui eaque officia porro qui necessitatibus. Non occaecati omnis nemo natus id eum.</p>','2019-05-30 13:44:10'),(90,332,'Constance Dubois','<p>Suscipit sit aut possimus repellat ut. Reprehenderit aut beatae repellat ut qui molestias perspiciatis. Voluptatem autem rerum nam similique.</p>','2019-05-27 03:13:16'),(91,332,'Benjamin Gros','<p>Tempora ut illo quibusdam consequatur amet. Qui nesciunt molestiae voluptas occaecati. Quisquam id excepturi qui iste eaque.</p>','2019-05-30 18:12:15'),(92,333,'Chantal Fouquet-Boyer','<p>Quo consectetur est ut sit. Tempora maiores iste animi. Laborum et porro voluptas.</p>','2019-05-20 02:09:38'),(93,333,'Roger Girard','<p>Qui alias consectetur sequi molestiae vitae. Ad provident eum nobis quia porro sit. Nemo nostrum ut eligendi tenetur nisi labore quod qui.</p>','2019-05-06 19:27:10'),(94,333,'Élisabeth Blanchet','<p>Quasi esse nemo architecto ipsum repudiandae. Consequuntur ducimus natus ex temporibus quibusdam. Illo odit ea explicabo sed quis.</p>','2019-05-11 18:15:39'),(95,333,'Richard Valentin-Leroux','<p>Libero rerum ducimus repudiandae qui architecto fugit sunt. Dolore non ad voluptatem cumque quaerat a. Voluptatum ut similique error est repellat quam.</p>','2019-05-16 06:27:15'),(96,333,'Madeleine Brun-Lagarde','<p>Voluptatibus est nesciunt ad veniam quos minus aut. Ex nemo eveniet odit modi tempora nobis perspiciatis ullam. Animi nostrum quisquam voluptatem et ab ad qui.</p>','2019-05-09 08:56:25'),(97,333,'Émile Dufour','<p>Id eaque ad laudantium omnis est. Necessitatibus et architecto adipisci non. Dolor voluptatum suscipit vel quis quaerat nostrum animi corporis. Tempora ex sequi accusantium voluptas quia tempora voluptatibus.</p>','2019-05-21 01:06:46'),(98,334,'Antoinette de Bouvet','<p>Consectetur commodi voluptas non sed quia tempora impedit. Quibusdam quidem sint sed quidem modi et. Occaecati quod veritatis quidem velit ut tempore. Velit voluptas aut fuga eum. Aperiam ipsa repellendus temporibus velit voluptatem sint.</p>','2019-04-20 18:54:57'),(99,334,'Alex Schneider','<p>Omnis accusamus et eum incidunt dicta quae. Ipsam et adipisci eaque. Consequatur aliquid quia voluptatum excepturi.</p>','2019-05-26 23:14:18'),(100,334,'Adélaïde Dumas','<p>Vitae eum ea sunt corrupti qui. Perspiciatis culpa nostrum repudiandae labore est explicabo. Et officiis ut laudantium vero necessitatibus.</p>','2019-05-07 20:50:14'),(101,334,'Renée Dumont-Rousset','<p>Sed assumenda dolorem ut tempora porro. Perferendis hic quia tempora suscipit consequatur ea molestiae. Debitis qui magni et ea quidem ab.</p>','2019-05-15 05:03:48'),(102,334,'Anaïs Besnard','<p>Omnis distinctio ad deserunt deleniti et exercitationem saepe. Commodi quisquam molestiae amet voluptatem ut. Sapiente dolores est consequuntur vel. Sit mollitia at est laboriosam eaque possimus unde. Eos deserunt alias quae perferendis eaque.</p>','2019-05-30 00:12:20'),(103,334,'Margaud Evrard','<p>Qui quia est quas iste rerum quo nam. Error vero provident voluptatem nihil pariatur laborum quod. Perferendis aperiam ad maiores commodi aperiam veniam animi. Magni aspernatur voluptatem libero veniam temporibus ullam.</p>','2019-05-28 00:44:48'),(104,334,'Jeanne de la Briand','<p>Voluptas quis officia vitae amet inventore. Autem esse delectus magnam distinctio aliquid. Expedita beatae voluptas debitis cumque numquam molestias. Reiciendis et ut ut ut quisquam vel.</p>','2019-05-09 08:09:45'),(105,334,'Isabelle Dupuis','<p>Qui odio repudiandae molestias non deserunt laborum. Nostrum asperiores accusamus ullam deserunt. Sunt cupiditate quas deserunt ullam molestias. Molestias corrupti sequi impedit ut dolor.</p>','2019-05-08 11:14:49'),(106,335,'Michelle-Nath Payet','<p>Consequatur sed ex nobis voluptatibus et in beatae possimus. Facere voluptatem modi tenetur sit. Fuga et blanditiis ipsam corrupti aut autem fuga.</p>','2019-05-30 04:28:36'),(107,335,'Emmanuelle Gosselin','<p>Dignissimos quas deleniti sed id quos ducimus. Pariatur qui cum id expedita aliquid esse ullam natus.</p>','2019-05-30 12:16:47'),(108,335,'Margaret Bonnin','<p>Porro id ad impedit non molestias quia. Qui aspernatur omnis numquam quo. Sed necessitatibus impedit dolor culpa. Sit aut quia dolor est dolorem repellendus.</p>','2019-05-30 16:20:31'),(109,335,'Sylvie Ruiz-De Oliveira','<p>Omnis excepturi amet sed deleniti. Quia autem sapiente explicabo sed beatae accusamus fuga. A officia deserunt alias officiis quod sed animi similique. Vel autem quos asperiores blanditiis officiis nobis.</p>','2019-05-29 18:42:55'),(110,335,'Nathalie Dumont','<p>Blanditiis nihil deserunt sit ut non rerum autem. Et nihil impedit sed sapiente saepe. Qui assumenda sunt perferendis repellat nobis nesciunt.</p>','2019-05-29 15:12:42'),(111,335,'Monique Guillou-Maillot','<p>Qui tenetur possimus commodi nulla dolorem nostrum ipsum. Eaque debitis eum earum voluptatibus. Quia est cupiditate ipsum pariatur tenetur ipsam fugit eligendi.</p>','2019-05-29 02:44:19'),(112,335,'Bernadette Perrin','<p>Excepturi est est consectetur non. Quis quia impedit est modi tempore maiores veniam. Magnam consequatur nobis deleniti aut similique voluptatem modi. Asperiores omnis nostrum placeat neque dolore illo sed.</p>','2019-05-30 17:02:45'),(113,335,'Célina Da Costa','<p>Soluta et repellendus qui sed ipsam. Itaque aut expedita necessitatibus deleniti nostrum nostrum incidunt. Et dolor at neque eveniet repudiandae quaerat.</p>','2019-05-29 01:29:54'),(114,336,'Zacharie Gros','<p>Maiores minima non facere laboriosam consequatur deserunt dolor. Sequi est dolorum nobis accusamus minus. Ea quis aspernatur repellendus beatae aliquid. Officiis vitae quod sint officiis qui commodi esse dolorem.</p>','2019-05-19 21:49:27'),(115,336,'Philippine Legrand','<p>Ut consequatur sint voluptate sunt doloremque. Iure dolores cupiditate commodi voluptas deserunt et rerum. Libero rerum minus ut ut deserunt accusamus. Aspernatur tempora nostrum mollitia doloremque culpa placeat.</p>','2019-05-25 15:32:19'),(116,336,'Jérôme-Stéphane Maurice','<p>Et inventore adipisci ipsa illo nulla et quo. Tempora nam commodi labore id. Rem sunt modi necessitatibus natus ut.</p>','2019-05-23 01:56:12'),(117,336,'Martin Berthelot','<p>Incidunt veniam tempora sit perspiciatis. Culpa sed quia magnam tempore ea blanditiis doloribus blanditiis. Ipsum distinctio possimus dolorum veritatis repellat et.</p>','2019-05-30 04:04:52'),(118,336,'Maggie Giraud','<p>Cum minus est quia rem consequuntur. Voluptatum soluta quis nobis ipsum voluptas et. Deleniti molestiae quos omnis quae atque repellat aut. Nisi et sed harum cum maiores. Praesentium consequatur et voluptas est occaecati sunt ratione.</p>','2019-05-21 01:33:39'),(119,337,'Inès Le Mendes','<p>Sint quia ad repellat consequatur. Autem minima dolore id ad aut. Dolor sunt qui quas explicabo cupiditate.</p>','2019-05-06 00:02:40'),(120,337,'Pénélope Faure','<p>Ullam asperiores atque et consequuntur. Adipisci unde eos et non distinctio dolor.</p>','2019-05-02 06:21:43'),(121,337,'Josette Rodrigues','<p>Perspiciatis quia ea sed labore est. Qui temporibus officiis iusto sint voluptatem adipisci commodi quos. Minus soluta dolorem quibusdam ut rem molestias. Sint voluptate enim voluptatum voluptatem non numquam hic saepe.</p>','2019-05-27 21:04:06'),(122,337,'Joseph Boyer-Pottier','<p>Quibusdam tempora atque odio iste saepe hic nam. Itaque nobis expedita tempora magnam. Aut sed architecto neque cum exercitationem qui.</p>','2019-05-24 20:27:03'),(123,337,'Frédéric Dupuis-Rodrigues','<p>Numquam consequatur et tempore placeat. Quia nemo illum est qui. Et soluta totam ducimus quia voluptas incidunt exercitationem.</p>','2019-05-11 06:41:05'),(124,338,'Jacques Le Da Silva','<p>Eos incidunt vero quos qui. Quidem aperiam voluptas sed velit eaque reiciendis sit suscipit.</p>','2019-03-03 15:19:28'),(125,338,'Victor Blanchet','<p>Quos est enim rerum quo iusto occaecati sit. Ullam facere velit amet delectus perferendis nostrum. Recusandae esse quis ut eligendi nam. Dolorem rerum facere occaecati exercitationem ut deserunt.</p>','2019-03-19 08:07:21'),(126,338,'Claire Humbert','<p>Porro exercitationem minus ex minus inventore nam. Dolorem quaerat et voluptatum voluptates quam. Et rerum necessitatibus aliquam repellat unde consequuntur. Ut tempora architecto maxime maiores rerum eum dolore assumenda.</p>','2019-02-15 02:37:27'),(127,338,'Agnès Antoine','<p>Et quia at quaerat dolores tempora eum consequatur esse. Qui unde facere praesentium in.</p>','2019-01-14 00:39:21'),(128,338,'Denise Moulin-Moulin','<p>Dolores magni nostrum laborum totam perferendis asperiores. Dolores sed mollitia doloremque ex eveniet mollitia repudiandae. Placeat quam qui eligendi. Nobis consequuntur repellat voluptatem sunt veniam dolor.</p>','2019-02-22 06:21:52'),(129,339,'Arnaude-Brigitte Laroche','<p>Impedit nesciunt repellat sint error. Cupiditate est aut id quia aspernatur. Veritatis eaque omnis doloremque et laudantium molestiae repellat. Non voluptates rerum a quam beatae.</p>','2019-04-28 15:31:32'),(130,339,'Martine Renault','<p>Itaque numquam consequatur quae modi distinctio fugiat commodi. Vel consequatur consectetur autem aut.</p>','2019-02-06 20:01:09'),(131,339,'Xavier Gilbert','<p>Amet a doloremque voluptas dolorem. Illo quae est voluptatem ex aut consequatur. Architecto consequatur nulla sit dignissimos sit ipsam. Pariatur iusto asperiores quasi placeat et maiores.</p>','2018-12-16 23:57:57'),(132,339,'Richard Vallet','<p>Sapiente quo eum ea quo accusantium. Cupiditate et non laudantium. Delectus minus nam sint mollitia. Neque vitae dolorem voluptas rerum.</p>','2019-02-05 15:17:51'),(133,339,'Léon Paul','<p>Impedit ut mollitia architecto placeat illo suscipit occaecati. Unde aut voluptatum voluptas rerum omnis veritatis sunt.</p>','2019-02-05 10:21:30'),(134,340,'Martin Julien','<p>Ipsum nam ut delectus quis incidunt. Laboriosam libero natus qui quia. Est eveniet exercitationem aut aut aspernatur et. Aspernatur modi nihil aut qui. Voluptas voluptas porro ullam ipsa aut ipsa blanditiis.</p>','2019-02-08 11:09:39'),(135,340,'Jean Brunet','<p>Nemo sint et illo natus. Et ullam eum ducimus distinctio incidunt. Perspiciatis culpa nemo laborum ab laborum. In vero cumque neque eaque.</p>','2019-04-28 14:28:08'),(136,340,'Antoine Bonnin-Parent','<p>Illo ut corrupti qui occaecati quidem optio sit sunt. Quae dolorem odit ad voluptates mollitia voluptas minima enim. Qui autem officia hic est quis cumque deserunt. Soluta odio facere omnis aut delectus dolorem voluptas est.</p>','2019-02-19 06:38:10'),(137,340,'Tristan Bouchet-Collet','<p>Corporis impedit animi sit placeat. Provident omnis animi sint dolorem nostrum ut. Asperiores ut necessitatibus atque nihil omnis at quos eveniet. Voluptas quo hic ducimus nemo quae.</p>','2019-02-13 08:52:42'),(138,340,'Claire Lelievre','<p>Omnis eaque amet et in. Quos tempora quis repellendus qui suscipit voluptates soluta. Ea reprehenderit cupiditate laborum ipsa dolorum cum.</p>','2019-03-20 05:23:45');
/*!40000 ALTER TABLE `comment` ENABLE KEYS */;
UNLOCK TABLES;

--
-- Table structure for table `migration_versions`
--

DROP TABLE IF EXISTS `migration_versions`;
/*!40101 SET @saved_cs_client     = @@character_set_client */;
 SET character_set_client = utf8mb4 ;
CREATE TABLE `migration_versions` (
  `version` varchar(14) COLLATE utf8mb4_unicode_ci NOT NULL,
  `executed_at` datetime NOT NULL COMMENT '(DC2Type:datetime_immutable)',
  PRIMARY KEY (`version`)
) ENGINE=InnoDB DEFAULT CHARSET=utf8mb4 COLLATE=utf8mb4_unicode_ci;
/*!40101 SET character_set_client = @saved_cs_client */;

--
-- Dumping data for table `migration_versions`
--

LOCK TABLES `migration_versions` WRITE;
/*!40000 ALTER TABLE `migration_versions` DISABLE KEYS */;
INSERT INTO `migration_versions` VALUES ('20190530112341','2019-05-30 11:25:34'),('20190530171538','2019-05-30 17:19:00'),('20190530173135','2019-05-30 17:32:09');
/*!40000 ALTER TABLE `migration_versions` ENABLE KEYS */;
UNLOCK TABLES;
/*!40103 SET TIME_ZONE=@OLD_TIME_ZONE */;

/*!40101 SET SQL_MODE=@OLD_SQL_MODE */;
/*!40014 SET FOREIGN_KEY_CHECKS=@OLD_FOREIGN_KEY_CHECKS */;
/*!40014 SET UNIQUE_CHECKS=@OLD_UNIQUE_CHECKS */;
/*!40101 SET CHARACTER_SET_CLIENT=@OLD_CHARACTER_SET_CLIENT */;
/*!40101 SET CHARACTER_SET_RESULTS=@OLD_CHARACTER_SET_RESULTS */;
/*!40101 SET COLLATION_CONNECTION=@OLD_COLLATION_CONNECTION */;
/*!40111 SET SQL_NOTES=@OLD_SQL_NOTES */;

-- Dump completed on 2019-05-30 23:37:45
